{
    "0": {
        "mass": 1.0,
        "friction": 0.4,
        "elasticity": 0.1,
        "color": [
            180,
            100,
            100,
            100
        ],
        "position": [
            902.0106504158601,
            970.1000000017885
        ],
        "shape": "квадрат",
        "body_type": 1,
        "args": [
            10.0,
            10.0
        ],
        "angle": 2.991250578390888e-13
    }
}